Nombre;Apellido;idCargoUsuario;idTipoDocumento;NoDocumento;CorreoElectronico
maria carmen;martinez;1;1;71699503799;mariacarmen@gmail.com
maria dolores;gonzalez gomez;2;1;74567543622;mariadolores@gmail.com
jose antonio;garcia martinez ;3;1;89978523999;joseantonio@hotmail.com
jose luis;lopez sanchez;1;1;42760431299;miguel_0875431@gmail.com
miguel angel;gonzalez gomez;1;1;9369394699;miguelangel@gmail.com
francisco javier;fernadez moreno;1;1;46348546499;franciscojavier@gmail.com
juan jose;jimenes perez;1;1;19795981299;juajoses@gmail.com
maria angeles;rodriguez garcia;1;1;40464467299;mariaangeles@gmail.com
ana maria;navarro;1;1;455713579;anamaria@gmail.com
maria llanos;ruiz serrano;1;1;76242950899;mariallanos@gmail.com
jose manuel;diaz serrano;1;1;31477403699;josemanuela@gmail.com
jose maria;hernandez ardila;1;1;5987456299;jose maria@gmail.com
francisco jose;saez gualter;1;1;88974812599;franciscojose@yahoo.com
jose miguel;rubio alfaro;1;1;20377726522;joseluis@gmail.com
maria jesus;molino picazo;1;3;4044422455O;mariajesus@hotmail.com
ana belen;ortega morcillo;1;3;7OGH54692BFF;ana_belen_@hotmail.com
 maria llanos;cano garrido;3;3;895r44dgjf566;maria_123llanos@hotmail.com
juan jose;cuenca ortega;1;3;AE6788AAKIRJNR;juancho2019@outlook.com
mateo ;rubio alfaro;1;1;45579204899;mateo2019@hotmail.com
maria rosario;romero;1;1;13453352899;mariarosariorrrrr@yahoo.com
